	Core	Metal Interaction	Double Interaction: Protein and Ligand far	Surface
total	0.333333333333	0.333333333333	0.166666666667	0.166666666667