	Core	Surface	Ligand Interaction
total	0.333333333333	0.166666666667	0.5